answer,id,link,question
,question-summary-74231780,/questions/74231780/vs-code-each-time-when-i-select-another-file-and-start-to-type-i-will-type-in-t,"VS Code Each time when I select another file and start to type, I will type in the side bar, not on a page. How to fix it?"
,question-summary-74217615,/questions/74217615/xcode-14-does-anyone-know-how-to-remove-the-blue-tint-on-lines-where-changes-ha,Xcode 14: Does anyone know how to remove the blue tint on lines where changes have been made?
,question-summary-74213968,/questions/74213968/palette-manager-function-can%c2%b4t-be-showed-when-right-click-eclipse,"""PALETTE MANAGER"" function canÂ´t be showed when right click ECLIPSE"
,question-summary-74210217,/questions/74210217/sourcelink-f12-doesnt-work-properly-in-visual-studio-2022,SourceLink F12 doesn't work properly in Visual Studio 2022
,question-summary-74210086,/questions/74210086/qt-creator-fails-to-start-qt-platform-plugin-problem-fresh-install-for-c-de,"Qt Creator fails to start (Qt platform plugin problem), fresh install for C++ development"
,question-summary-74194392,/questions/74194392/is-default-ide-important-for-use-git-or-it-doesnt-matter-for-usage,Is default IDE important for use git? Or it doesnt matter for usage?
,question-summary-74176175,/questions/74176175/resolve-ide-script-function,Resolve IDE script function
,question-summary-74175516,/questions/74175516/java-update-issue-do-you-trust-unassigned-content-of-unassigned-origin,Java update issue : <do you trust unassigned content of unassigned origin>
,question-summary-74171957,/questions/74171957/access-vba-control-for-editing-html-code,Access VBA: control for editing html code?
,question-summary-74157592,/questions/74157592/some-tool-like-this-in-netbeans-or-other-java-ide-this-is-from-mplab,"Some tool like this in netbeans or other java IDE, this is from MPLab [closed]"
,question-summary-74145127,/questions/74145127/why-doesnt-netbeans-let-me-assign-a-shortcut-that-involves-commandspace,Why doesn't NetBeans let me assign a shortcut that involves command+space?
,question-summary-74126175,/questions/74126175/i-need-some-help-to-automate-the-sign-up-using-the-selenium-ide-chrome-extension,I need some help to automate the sign up using the selenium IDE chrome extension
,question-summary-74113849,/questions/74113849/executin-python-script-using-cmd-dont-work,executin python script using cmd dont work [closed]
,question-summary-74108106,/questions/74108106/how-can-i-debug-google-or-tools-c-programs-in-vs-code-or-other-ides,How can I debug google OR tools c++ programs in VS Code or other IDEs?
,question-summary-74105046,/questions/74105046/developing-an-online-contest-judge-ide-for-university,Developing an online contest Judge IDE for University
,question-summary-74104266,/questions/74104266/how-to-change-code-formatting-settings-in-replit,How to change code formatting settings in Replit
,question-summary-74089542,/questions/74089542/appcode-no-ios-simulator-showing-up,"AppCode, no iOS simulator showing up"
,question-summary-74088397,/questions/74088397/how-to-enable-html-syntax-highlighting-in-php-files,How to enable HTML syntax highlighting in php files
,question-summary-74088180,/questions/74088180/webstorm-gives-warning-for-css-files-using-url-assets-path,"WebStorm gives warning for CSS files using url(""/assets/..."") path"
,question-summary-74050203,/questions/74050203/how-can-i-send-someone-a-netbeans-project-and-allow-them-to-run-the-jframe-form,How can I send someone a netbeans project and allow them to run the jframe form with nothing installed related to java at all?
,question-summary-74041704,/questions/74041704/how-to-run-python-script-with-local-project-module-imports-using-pycharms-ter,How to run Python script (with local project module imports) using PyCharm's terminal functionality? [duplicate]
,question-summary-74031608,/questions/74031608/how-can-i-add-an-action-to-my-android-studio-toolbar-which-will-run-specific-gr,"How can I add an action to my Android Studio toolbar, which will run specific gradle task for me?"
,question-summary-74024424,/questions/74024424/why-eclipse-is-creating-running-multiple-java-process-in-ubuntu,Why eclipse is creating/running multiple java process in ubuntu?
,question-summary-73980824,/questions/73980824/symbol-not-found-sublime-text-3,Symbol Not Found - Sublime Text 3 -
,question-summary-73977213,/questions/73977213/android-ide-error-alreadydisposedexception-while-opening-android-studio,Android IDE error - AlreadyDisposedException while opening Android studio
,question-summary-73975736,/questions/73975736/unable-to-open-marketplace-plugins-of-various-ide-netbeans-sts-eclipse-after,"Unable to open marketplace, plugins of various IDE netbeans, sts, eclipse after updating windows 10 features"
,question-summary-73960370,/questions/73960370/how-to-disable-label-or-tags-in-netbeans,How to disable label or tags in Netbeans? [duplicate]
,question-summary-73954480,/questions/73954480/visual-studio-2022-suddenly-stopped-showing-source-file-contents,Visual Studio 2022 suddenly stopped showing source file contents
,question-summary-73946897,/questions/73946897/succeed-to-react-yarn-start-on-port-3000-but-nothing-running-on-port-3000,Succeed to react yarn start on port 3000 but nothing running on port 3000
,question-summary-73924566,/questions/73924566/import-pywhatkit-cant-be-resolved,import pywhatkit cant be resolved
,question-summary-73915338,/questions/73915338/can-visual-studio-block-select-like-vs-code,Can Visual Studio block select like VS Code?
,question-summary-73905058,/questions/73905058/set-gif-as-background-for-visual-studio,Set gif as background for visual studio
,question-summary-73895797,/questions/73895797/error-while-running-the-was-8-5-server-in-sts-and-eclipse,Error while running the WAS 8.5 Server in STS and Eclipse
,question-summary-73886760,/questions/73886760/apps-script-error-exception-illegal-argument-with-no-more-information-how,"Apps Script error: ""Exception: Illegal argument"" (with no more information): How to find the specific error?"
,question-summary-73871413,/questions/73871413/how-to-install-cbuilder-rad-studio-documentation,How to install C++Builder (RAD Studio) documentation
,question-summary-73858407,/questions/73858407/is-there-a-way-to-debug-the-javascript-ran-through-an-embedded-javascript-engine,Is there a way to debug the javascript ran through an embedded javascript engine?
,question-summary-73854212,/questions/73854212/how-do-we-get-visual-representation-of-core-data-in-xcode-14,How do we get visual representation of core data in Xcode 14?
,question-summary-73846234,/questions/73846234/how-to-recover-library-in-netbeans15-ide,How to recover library in NetBeans15 IDE?
,question-summary-73845027,/questions/73845027/how-do-i-fix-the-bug-in-codeblocks,How do I fix the bug in codeblocks
,question-summary-73840323,/questions/73840323/make-the-intellisense-nullability-warning-conditional-similar-to-dictionarystr,"Make the Intellisense nullability warning conditional, similar to Dictionary<string, string>.TryGetValue(...)"
,question-summary-73825940,/questions/73825940/what-shortcuts-to-comment-line-block-in-dbt-cloud-ide,"What shortcuts to comment (line, block) in dbt Cloud IDE?"
,question-summary-73823624,/questions/73823624/android-studio-customization,Android Studio Customization
,question-summary-73821576,/questions/73821576/how-do-i-get-rid-of-hundreds-of-activewindow-scrollcolumn-lines-from-my-recorded,How do I get rid of hundreds of ActiveWindow.ScrollColumn lines from my recorded macro easily?
,question-summary-73818754,/questions/73818754/switch-to-editor-pane-shortcut-not-working-in-spyder-5-x,Switch to editor pane shortcut not working in Spyder 5.X
,question-summary-73810676,/questions/73810676/vs-code-file-explorer-filter-not-including-all-matches,VS Code File Explorer filter not including all matches
,question-summary-73808831,/questions/73808831/is-there-any-way-i-could-debug-python-and-c-together,Is there any way I could debug Python and C++ together?
,question-summary-73792947,/questions/73792947/android-studio-intellij-hard-wrap-flutter,Android Studio/Intellij hard Wrap (Flutter?)
,question-summary-73789192,/questions/73789192/remove-unused-declaration,Remove Unused Declaration
,question-summary-73780613,/questions/73780613/does-gnat-studio-offer-a-mode-to-act-as-a-fully-self-sufficient-ide-for-python,"Does GNAT Studio offer a ""mode"" to act as a fully self-sufficient IDE for Python development?"
,question-summary-73770517,/questions/73770517/eclipse-tema-indirirken-hata,Eclipse Tema indirirken hata
